{
  "servicechain": {
    "SC1": {
      "resptime": 1.0160162040161707,
      "services": {
        "MS1_1": {
          "meanserv": 0.31916936639999105,
          "stddevserv": 0.03191693663999911,
          "rate": 3.133132766716637,
          "cv": 0.10000000000000002,
          "lambda": 0.8
        },
        "MS1_2": {
          "meanserv": 0.21055400575447114,
          "stddevserv": 0.021055400575447115,
          "rate": 4.749375327326276,
          "cv": 0.1,
          "lambda": 0.8
        },
        "MS1_3": {
          "meanserv": 0.2706865182569935,
          "stddevserv": 0.027068651825699355,
          "rate": 3.694310327825733,
          "cv": 0.1,
          "lambda": 0.8
        },
        "MS1_4": {
          "meanserv": 0.09073585966667241,
          "stddevserv": 0.009073585966667241,
          "rate": 11.021000998652612,
          "cv": 0.1,
          "lambda": 0.8
        },
        "MS1_5": {
          "meanserv": 0.10885424992187187,
          "stddevserv": 0.010885424992187188,
          "rate": 9.186595844606265,
          "cv": 0.1,
          "lambda": 0.8
        }
      },
      "sensors": [
        "S1"
      ],
      "lambda": 0.8
    }
  },
  "microservice": {
    "MS1_1": "F2",
    "MS1_2": "F2",
    "MS1_3": "F1",
    "MS1_4": "F1",
    "MS1_5": "F4"
  },
  "sensor": {
    "S1": "F2"
  },
  "fog": {
    "F1": {
      "rho": 0.163830108654121,
      "capacity": 1.028157803149573
    },
    "F2": {
      "rho": 0.1861313674401755,
      "capacity": 0.857846207583231
    },
    "F3": {
      "rho": 0,
      "capacity": 0.7159549661717
    },
    "F4": {
      "rho": 0.3375328047819055,
      "capacity": 1.3980410230954965
    }
  },
  "extra": {
    "deltatime": 0.015626192092895508
  }
}