{
  "servicechain": {
    "SC1": {
      "resptime": 1.0394059521632866,
      "services": {
        "MS1_1": {
          "meanserv": 0.4273339867238056,
          "stddevserv": 0.04273339867238057,
          "rate": 2.3400900257585167,
          "cv": 0.1,
          "lambda": 0.8
        },
        "MS1_2": {
          "meanserv": 0.0457661305660384,
          "stddevserv": 0.00457661305660384,
          "rate": 21.8502195320412,
          "cv": 0.1,
          "lambda": 0.8
        },
        "MS1_3": {
          "meanserv": 0.23302754841798923,
          "stddevserv": 0.023302754841798924,
          "rate": 4.2913381134073765,
          "cv": 0.1,
          "lambda": 0.8
        },
        "MS1_4": {
          "meanserv": 0.12148276969468774,
          "stddevserv": 0.012148276969468776,
          "rate": 8.231620027376842,
          "cv": 0.1,
          "lambda": 0.8
        },
        "MS1_5": {
          "meanserv": 0.172389564597479,
          "stddevserv": 0.017238956459747903,
          "rate": 5.800815161491648,
          "cv": 0.1,
          "lambda": 0.8
        }
      },
      "sensors": [
        "S1"
      ],
      "lambda": 0.8
    }
  },
  "microservice": {
    "MS1_1": "F4",
    "MS1_2": "F2",
    "MS1_3": "F1",
    "MS1_4": "F2",
    "MS1_5": "F2"
  },
  "sensor": {
    "S1": "F4"
  },
  "fog": {
    "F1": {
      "rho": 0.1779074633325129,
      "capacity": 1.0478595739739405
    },
    "F2": {
      "rho": 0.24342077102685802,
      "capacity": 1.1162185163590033
    },
    "F3": {
      "rho": 0,
      "capacity": 0.6377570954287748
    },
    "F4": {
      "rho": 0.28532567916909035,
      "capacity": 1.1981648142382813
    }
  },
  "extra": {
    "conv_gen": 2,
    "deltatime": 0.12540531158447266
  }
}